{"cameraMode":{"drawMode":0,"name":"Shaded","section":"Shading Mode"},"sceneLighting":true,"audioPlay":false,"sceneViewState":{"m_AlwaysRefresh":false,"showFog":true,"showSkybox":true,"showFlares":true,"showImageEffects":true,"showParticleSystems":true,"showVisualEffectGraphs":true,"m_FxEnabled":false},"in2DMode":false,"pivot":{"x":-0.27181538939476015,"y":2.9117047786712648,"z":38.55255889892578},"rotation":{"x":-0.012916459701955319,"y":0.6878976821899414,"z":-0.012994760647416115,"w":-0.7259823083877564},"size":0.4399014711380005,"orthographic":false}