{"cameraMode":{"drawMode":0,"name":"Shaded","section":"Shading Mode"},"sceneLighting":true,"audioPlay":false,"sceneViewState":{"m_AlwaysRefresh":false,"showFog":true,"showSkybox":true,"showFlares":true,"showImageEffects":true,"showParticleSystems":true,"showVisualEffectGraphs":true,"m_FxEnabled":true},"in2DMode":false,"pivot":{"x":0.45145705342292788,"y":3.2226977348327638,"z":9.119928359985352},"rotation":{"x":0.22200548648834229,"y":0.3207974433898926,"z":-0.07748179882764816,"w":0.917728841304779},"size":0.8660253882408142,"orthographic":false}