{"cameraMode":{"drawMode":0,"name":"Shaded","section":"Shading Mode"},"sceneLighting":true,"audioPlay":false,"sceneViewState":{"m_AlwaysRefresh":false,"showFog":true,"showSkybox":true,"showFlares":true,"showImageEffects":true,"showParticleSystems":true,"showVisualEffectGraphs":true,"m_FxEnabled":false},"in2DMode":false,"pivot":{"x":959.7066650390625,"y":464.9988098144531,"z":-961.3908081054688},"rotation":{"x":-0.0033040158450603487,"y":0.01030677929520607,"z":-0.0006760357646271586,"w":-1.0002247095108033},"size":60.48872375488281,"orthographic":false}